Gemeentecode,Gemeentenaam,Provinciecode,Provincienaam,GemiddeldAardgasverbruik,GemiddeldElektriciteitsverbruik,WeerStation,pctzon_gemiddeld,FG_gemiddeld,Kleur,AantalInstallatiesBijWoningen,OpgesteldVermogenVanZonnepanelen
1680,AA EN HUNZE,22,DRENTHE,632890.0,1093470.0,EELDE,   35.6,4.2,GEEL,7634.0,29820.0
358,AALSMEER,27,NOORD-HOLLAND,148310.0,319190.0,SCHIPHOL,37.7,5.0,NO RESTRICTIONS,4866.0,17104.0
197,AALTEN,25,GELDERLAND,325310.0,690380.0,HUPSEL,   36.3,3.4,NO RESTRICTIONS,5919.0,22730.0
59,ACHTKARSPELEN,21,FRIESLAND,263420.0,482300.0,LEEUWARDEN,38.0,4.7,NO RESTRICTIONS,5151.0,22527.0
482,ALBLASSERDAM,28,ZUID-HOLLAND,255920.0,645420.0,ROTTERDAM,37.1,4.4,NO RESTRICTIONS,1759.0,5507.0
613,ALBRANDSWAARD,28,ZUID-HOLLAND,277330.0,655960.0,ROTTERDAM,37.1,4.4,NO RESTRICTIONS,2536.0,8376.0
361,ALKMAAR,27,NOORD-HOLLAND,667390.0,1421100.0,BERKHOUT,   38.6,,NO RESTRICTIONS,18748.0,54994.0
141,ALMELO,23,OVERIJSSEL,756600.0,1617440.0,TWENTHE,35.7,3.5,ROOD,9203.0,32723.0
34,ALMERE,24,FLEVOLAND,276280.0,1251620.0,LELYSTAD,37.6,4.4,NO RESTRICTIONS,34406.0,110691.0
484,ALPHEN AAN DEN RIJN,28,ZUID-HOLLAND,994440.0,2310430.0,VOORSCHOTEN,,,NO RESTRICTIONS,19345.0,61787.0
1723,ALPHEN-CHAAM,30,NOORD-BRABANT,183320.0,382210.0,GILZE-RIJEN,36.9,3.7,ROOD,1388.0,6677.0
1959,ALTENA,30,NOORD-BRABANT,684710.0,1642800.0,,,,ORANJE,8732.0,31069.0
60,AMELAND,21,FRIESLAND,87330.0,150080.0,LEEUWARDEN,38.0,4.7,NO RESTRICTIONS,619.0,2438.0
307,AMERSFOORT,26,UTRECHT,1385760.0,3222310.0,DE BILT,36.4,3.6,NO RESTRICTIONS,31804.0,87360.0
362,AMSTELVEEN,27,NOORD-HOLLAND,635560.0,1383400.0,SCHIPHOL,37.7,5.0,NO RESTRICTIONS,9598.0,30328.0
363,AMSTERDAM,27,NOORD-HOLLAND,2696480.0,6701330.0,SCHIPHOL,37.7,5.0,NO RESTRICTIONS,38652.0,110761.0
200,APELDOORN,25,GELDERLAND,1058190.0,2204380.0,DEELEN,35.0,3.8,NO RESTRICTIONS,33106.0,97972.0
3,APPINGEDAM,20,GRONINGEN,76840.0,134280.0,NIEUW BEERTA,36.6,5.0,ROOD,3729.0,12987.0
202,ARNHEM,25,GELDERLAND,928010.0,1949580.0,DEELEN,35.0,3.8,NO RESTRICTIONS,18999.0,60166.0
106,ASSEN,22,DRENTHE,941630.0,1785320.0,EELDE,   35.6,4.2,GEEL,18738.0,59349.0
743,ASTEN,30,NOORD-BRABANT,169750.0,383670.0,EINDHOVEN,36.9,3.8,ORANJE,2906.0,13285.0
744,BAARLE-NASSAU,30,NOORD-BRABANT,108320.0,237320.0,GILZE-RIJEN,36.9,3.7,ORANJE,789.0,3181.0
308,BAARN,26,UTRECHT,332170.0,593560.0,DE BILT,36.4,3.6,NO RESTRICTIONS,4525.0,11284.0
489,BARENDRECHT,28,ZUID-HOLLAND,602850.0,1641760.0,ROTTERDAM,37.1,4.4,NO RESTRICTIONS,5629.0,17869.0
203,BARNEVELD,25,GELDERLAND,619710.0,1342090.0,DEELEN,35.0,3.8,NO RESTRICTIONS,9928.0,36936.0
888,BEEK,31,LIMBURG,116020.0,240980.0,MAASTRICHT,36.1,4.2,GEEL,5211.0,17440.0
1954,BEEKDAELEN,31,LIMBURG,424270.0,838800.0,,,,WIT,10318.0,41744.0
370,BEEMSTER,27,NOORD-HOLLAND,130080.0,274190.0,BERKHOUT,   38.6,,NO RESTRICTIONS,1950.0,7737.0
889,BEESEL,31,LIMBURG,101490.0,236410.0,ARCEN,35.8,3.1,ORANJE,3473.0,13540.0
1945,BERG EN DAL,25,GELDERLAND,515950.0,1044370.0,,,,NO RESTRICTIONS,6757.0,24763.0
1724,BERGEIJK,30,NOORD-BRABANT,599960.0,1334020.0,EINDHOVEN,36.9,3.8,ROOD,3670.0,17108.0
893,BERGEN (L.),31,LIMBURG,212460.0,491030.0,ARCEN,35.8,3.1,ROOD,2484.0,11375.0
373,BERGEN (NH.),27,NOORD-HOLLAND,479350.0,881590.0,BERKHOUT,   38.6,,NO RESTRICTIONS,8869.0,25951.0
748,BERGEN OP ZOOM,30,NOORD-BRABANT,413910.0,940070.0,WESTDORPE,37.7,4.2,GEEL,14039.0,37213.0
1859,BERKELLAND,25,GELDERLAND,447630.0,895720.0,HUPSEL,   36.3,3.4,NO RESTRICTIONS,9777.0,39594.0
1721,BERNHEZE,30,NOORD-BRABANT,618740.0,1428230.0,VOLKEL,37.2,3.7,ORANJE,5292.0,23200.0
753,BEST,30,NOORD-BRABANT,188940.0,420970.0,EINDHOVEN,36.9,3.8,ORANJE,7323.0,27347.0
209,BEUNINGEN,25,GELDERLAND,388730.0,900110.0,VOLKEL,37.2,3.7,NO RESTRICTIONS,4773.0,17721.0
375,BEVERWIJK,27,NOORD-HOLLAND,407010.0,917000.0,SCHIPHOL,37.7,5.0,NO RESTRICTIONS,6150.0,18838.0
310,DE BILT,26,UTRECHT,423390.0,807570.0,DE BILT,36.4,3.6,NO RESTRICTIONS,4663.0,15417.0
1728,BLADEL,30,NOORD-BRABANT,178240.0,414740.0,EINDHOVEN,36.9,3.8,ROOD,3482.0,15051.0
376,BLARICUM,27,NOORD-HOLLAND,76480.0,167630.0,DE BILT,36.4,3.6,NO RESTRICTIONS,1269.0,4599.0
377,BLOEMENDAAL,27,NOORD-HOLLAND,392880.0,685130.0,SCHIPHOL,37.7,5.0,NO RESTRICTIONS,2365.0,7431.0
1901,BODEGRAVEN-REEUWIJK,28,ZUID-HOLLAND,381360.0,908920.0,,,,NO RESTRICTIONS,6290.0,21008.0
755,BOEKEL,30,NOORD-BRABANT,112170.0,276950.0,VOLKEL,37.2,3.7,ROOD,1974.0,9978.0
1681,BORGER-ODOORN,22,DRENTHE,538850.0,911130.0,HOOGEVEEN,36.3,4.0,ROOD,7379.0,29732.0
147,BORNE,23,OVERIJSSEL,175480.0,409680.0,TWENTHE,35.7,3.5,GEEL,4665.0,17479.0
654,BORSELE,29,ZEELAND,384480.0,811870.0,VLISSINGEN,40.2,6.4,NO RESTRICTIONS,8331.0,24539.0
756,BOXMEER,30,NOORD-BRABANT,413560.0,944210.0,VOLKEL,37.2,3.7,ROOD,6058.0,27107.0
757,BOXTEL,30,NOORD-BRABANT,206950.0,465680.0,EINDHOVEN,36.9,3.8,ROOD,6668.0,25871.0
758,BREDA,30,NOORD-BRABANT,597810.0,1489390.0,GILZE-RIJEN,36.9,3.7,ROOD,17476.0,61714.0
501,BRIELLE,28,ZUID-HOLLAND,160700.0,405030.0,ROTTERDAM,37.1,4.4,NO RESTRICTIONS,2461.0,7500.0
1876,BRONCKHORST,25,GELDERLAND,535860.0,1072460.0,HUPSEL,   36.3,3.4,NO RESTRICTIONS,8130.0,32303.0
213,BRUMMEN,25,GELDERLAND,459970.0,901220.0,DEELEN,35.0,3.8,NO RESTRICTIONS,4154.0,15981.0
899,BRUNSSUM,31,LIMBURG,429980.0,901530.0,MAASTRICHT,36.1,4.2,WIT,5849.0,20775.0
312,BUNNIK,26,UTRECHT,127070.0,252630.0,DE BILT,36.4,3.6,NO RESTRICTIONS,3534.0,12165.0
313,BUNSCHOTEN,26,UTRECHT,127450.0,286270.0,DE BILT,36.4,3.6,NO RESTRICTIONS,2926.0,10177.0
214,BUREN,25,GELDERLAND,458630.0,1008340.0,HERWIJNEN,37.6,4.1,NO RESTRICTIONS,4970.0,19542.0
502,CAPELLE AAN DEN IJSSEL,28,ZUID-HOLLAND,440560.0,1411130.0,ROTTERDAM,37.1,4.4,NO RESTRICTIONS,5543.0,13962.0
383,CASTRICUM,27,NOORD-HOLLAND,300400.0,584060.0,BERKHOUT,   38.6,,NO RESTRICTIONS,10408.0,29881.0
109,COEVORDEN,22,DRENTHE,642850.0,1212390.0,HOOGEVEEN,36.3,4.0,ROOD,11855.0,39609.0
1706,CRANENDONCK,30,NOORD-BRABANT,228070.0,512690.0,EINDHOVEN,36.9,3.8,ROOD,4399.0,18354.0
1684,CUIJK,30,NOORD-BRABANT,256880.0,580590.0,VOLKEL,37.2,3.7,ROOD,5190.0,19143.0
216,CULEMBORG,25,GELDERLAND,91090.0,216680.0,HERWIJNEN,37.6,4.1,NO RESTRICTIONS,6615.0,19788.0
148,DALFSEN,23,OVERIJSSEL,395300.0,794440.0,HOOGEVEEN,36.3,4.0,ROOD,9435.0,34710.0
1891,DANTUMADIEL,21,FRIESLAND,197180.0,336070.0,LEEUWARDEN,38.0,4.7,NO RESTRICTIONS,4053.0,14206.0
503,DELFT,28,ZUID-HOLLAND,566810.0,1417260.0,ROTTERDAM,37.1,4.4,NO RESTRICTIONS,10476.0,25756.0
10,DELFZIJL,20,GRONINGEN,473330.0,805680.0,NIEUW BEERTA,36.6,5.0,ROOD,7774.0,26415.0
762,DEURNE,30,NOORD-BRABANT,251670.0,567460.0,VOLKEL,37.2,3.7,ROOD,5301.0,21832.0
150,DEVENTER,23,OVERIJSSEL,760360.0,1607220.0,DEELEN,35.0,3.8,ORANJE,15112.0,50088.0
384,DIEMEN,27,NOORD-HOLLAND,196690.0,609060.0,SCHIPHOL,37.7,5.0,NO RESTRICTIONS,3059.0,10009.0
1774,DINKELLAND,23,OVERIJSSEL,612780.0,1289620.0,TWENTHE,35.7,3.5,GEEL,5301.0,23487.0
221,DOESBURG,25,GELDERLAND,85550.0,181290.0,DEELEN,35.0,3.8,NO RESTRICTIONS,1845.0,6548.0
222,DOETINCHEM,25,GELDERLAND,821220.0,1743140.0,HUPSEL,   36.3,3.4,NO RESTRICTIONS,13163.0,44752.0
766,DONGEN,30,NOORD-BRABANT,176990.0,409310.0,GILZE-RIJEN,36.9,3.7,ORANJE,4287.0,15913.0
505,DORDRECHT,28,ZUID-HOLLAND,909800.0,2111670.0,CABAUW,      -,4.3,NO RESTRICTIONS,9634.0,29680.0
498,DRECHTERLAND,27,NOORD-HOLLAND,229160.0,468980.0,BERKHOUT,   38.6,,NO RESTRICTIONS,5352.0,18490.0
1719,DRIMMELEN,30,NOORD-BRABANT,206560.0,486670.0,GILZE-RIJEN,36.9,3.7,ORANJE,4033.0,14846.0
303,DRONTEN,24,FLEVOLAND,365050.0,846110.0,LELYSTAD,37.6,4.4,NO RESTRICTIONS,11522.0,42935.0
225,DRUTEN,25,GELDERLAND,182940.0,394250.0,VOLKEL,37.2,3.7,NO RESTRICTIONS,3401.0,13107.0
226,DUIVEN,25,GELDERLAND,116880.0,448020.0,DEELEN,35.0,3.8,NO RESTRICTIONS,4568.0,17246.0
1711,ECHT-SUSTEREN,31,LIMBURG,531220.0,1102280.0,MAASTRICHT,36.1,4.2,ROOD,7827.0,31521.0
385,EDAM-VOLENDAM,27,NOORD-HOLLAND,387190.0,783580.0,BERKHOUT,   38.6,,NO RESTRICTIONS,4765.0,17036.0
228,EDE,25,GELDERLAND,838060.0,1888470.0,DEELEN,35.0,3.8,NO RESTRICTIONS,19902.0,68192.0
317,EEMNES,26,UTRECHT,103100.0,198150.0,DE BILT,36.4,3.6,NO RESTRICTIONS,3002.0,8584.0
770,EERSEL,30,NOORD-BRABANT,309690.0,650770.0,EINDHOVEN,36.9,3.8,ROOD,3793.0,16859.0
1903,EIJSDEN-MARGRATEN,31,LIMBURG,456170.0,876410.0,,,,WIT,7647.0,31486.0
772,EINDHOVEN,30,NOORD-BRABANT,1164080.0,2470070.0,EINDHOVEN,36.9,3.8,GEEL,36473.0,116556.0
230,ELBURG,25,GELDERLAND,214280.0,452310.0,LELYSTAD,37.6,4.4,NO RESTRICTIONS,5493.0,18683.0
114,EMMEN,22,DRENTHE,1042450.0,1979910.0,HOOGEVEEN,36.3,4.0,ROOD,24494.0,92379.0
388,ENKHUIZEN,27,NOORD-HOLLAND,105300.0,219980.0,STAVOREN,40.0,5.9,NO RESTRICTIONS,2850.0,8479.0
153,ENSCHEDE,23,OVERIJSSEL,756140.0,1738070.0,TWENTHE,35.7,3.5,GEEL,19383.0,67151.0
232,EPE,25,GELDERLAND,372060.0,725620.0,DEELEN,35.0,3.8,NO RESTRICTIONS,5377.0,20871.0
233,ERMELO,25,GELDERLAND,178540.0,391720.0,LELYSTAD,37.6,4.4,NO RESTRICTIONS,6715.0,23604.0
777,ETTEN-LEUR,30,NOORD-BRABANT,450830.0,1069730.0,GILZE-RIJEN,36.9,3.7,ORANJE,5745.0,22605.0
1940,DE FRYSKE MARREN,21,FRIESLAND,1023840.0,1939250.0,,,,NO RESTRICTIONS,12226.0,43707.0
779,GEERTRUIDENBERG,30,NOORD-BRABANT,110980.0,274260.0,GILZE-RIJEN,36.9,3.7,ORANJE,3063.0,11017.0
1771,GELDROP-MIERLO,30,NOORD-BRABANT,156700.0,336220.0,EINDHOVEN,36.9,3.8,GEEL,8613.0,31657.0
1652,GEMERT-BAKEL,30,NOORD-BRABANT,326900.0,779650.0,VOLKEL,37.2,3.7,ROOD,6918.0,26121.0
907,GENNEP,31,LIMBURG,208940.0,485640.0,VOLKEL,37.2,3.7,ROOD,3558.0,13680.0
784,GILZE EN RIJEN,30,NOORD-BRABANT,139540.0,343190.0,GILZE-RIJEN,36.9,3.7,ORANJE,4614.0,18772.0
1924,GOEREE-OVERFLAKKEE,28,ZUID-HOLLAND,609830.0,1346730.0,,,,NO RESTRICTIONS,12899.0,40603.0
664,GOES,29,ZEELAND,315730.0,685490.0,VLISSINGEN,40.2,6.4,NO RESTRICTIONS,11826.0,33848.0
785,GOIRLE,30,NOORD-BRABANT,443340.0,1073910.0,GILZE-RIJEN,36.9,3.7,ORANJE,3960.0,15497.0
1942,GOOISE MEREN,27,NOORD-HOLLAND,763060.0,1425580.0,,,,NO RESTRICTIONS,4993.0,15118.0
512,GORINCHEM,28,ZUID-HOLLAND,315290.0,771590.0,HERWIJNEN,37.6,4.1,NO RESTRICTIONS,3858.0,11697.0
513,GOUDA,28,ZUID-HOLLAND,477740.0,1065250.0,CABAUW,      -,4.3,NO RESTRICTIONS,9593.0,25731.0
786,GRAVE,30,NOORD-BRABANT,210730.0,454950.0,VOLKEL,37.2,3.7,ROOD,2263.0,8970.0
518,'S-GRAVENHAGE,28,ZUID-HOLLAND,1344290.0,3002430.0,VOORSCHOTEN,,,NO RESTRICTIONS,29805.0,76786.0
14,GRONINGEN,20,GRONINGEN,1195430.0,2297760.0,EELDE,   35.6,4.2,GEEL,39344.0,115059.0
1729,GULPEN-WITTEM,31,LIMBURG,395740.0,748790.0,MAASTRICHT,36.1,4.2,GEEL,3206.0,12506.0
158,HAAKSBERGEN,23,OVERIJSSEL,388070.0,824750.0,HUPSEL,   36.3,3.4,WIT,4487.0,16233.0
788,HAAREN,30,NOORD-BRABANT,193410.0,419180.0,GILZE-RIJEN,36.9,3.7,ORANJE,2948.0,11910.0
392,HAARLEM,27,NOORD-HOLLAND,1038760.0,2095650.0,SCHIPHOL,37.7,5.0,NO RESTRICTIONS,14269.0,38835.0
394,HAARLEMMERMEER,27,NOORD-HOLLAND,1072340.0,2420350.0,SCHIPHOL,37.7,5.0,NO RESTRICTIONS,27774.0,84633.0
1655,HALDERBERGE,30,NOORD-BRABANT,258310.0,572160.0,GILZE-RIJEN,36.9,3.7,GEEL,5562.0,20569.0
160,HARDENBERG,23,OVERIJSSEL,934010.0,1995920.0,HOOGEVEEN,36.3,4.0,ROOD,11928.0,48567.0
243,HARDERWIJK,25,GELDERLAND,641060.0,1380970.0,LELYSTAD,37.6,4.4,NO RESTRICTIONS,7587.0,23408.0
523,HARDINXVELD-GIESSENDAM,28,ZUID-HOLLAND,58010.0,137630.0,CABAUW,      -,4.3,NO RESTRICTIONS,4170.0,11022.0
72,HARLINGEN,21,FRIESLAND,140880.0,254500.0,LEEUWARDEN,38.0,4.7,NO RESTRICTIONS,7275.0,20091.0
244,HATTEM,25,GELDERLAND,144030.0,259340.0,MARKNESSE,38.2,4.2,NO RESTRICTIONS,2187.0,7694.0
396,HEEMSKERK,27,NOORD-HOLLAND,400770.0,867460.0,SCHIPHOL,37.7,5.0,NO RESTRICTIONS,7531.0,23785.0
397,HEEMSTEDE,27,NOORD-HOLLAND,239170.0,439090.0,SCHIPHOL,37.7,5.0,NO RESTRICTIONS,3099.0,8644.0
246,HEERDE,25,GELDERLAND,164470.0,323970.0,MARKNESSE,38.2,4.2,NO RESTRICTIONS,3457.0,13341.0
74,HEERENVEEN,21,FRIESLAND,369330.0,703280.0,LEEUWARDEN,38.0,4.7,NO RESTRICTIONS,12123.0,42175.0
398,HEERHUGOWAARD,27,NOORD-HOLLAND,445260.0,1163620.0,BERKHOUT,   38.6,,NO RESTRICTIONS,15886.0,48343.0
917,HEERLEN,31,LIMBURG,787740.0,1640560.0,MAASTRICHT,36.1,4.2,WIT,14637.0,51453.0
1658,HEEZE-LEENDE,30,NOORD-BRABANT,164670.0,348180.0,EINDHOVEN,36.9,3.8,ROOD,3289.0,14170.0
399,HEILOO,27,NOORD-HOLLAND,295130.0,546490.0,BERKHOUT,   38.6,,NO RESTRICTIONS,6020.0,18089.0
400,DEN HELDER,27,NOORD-HOLLAND,552920.0,1080000.0,DE KOOY,,,NO RESTRICTIONS,9942.0,26074.0
163,HELLENDOORN,23,OVERIJSSEL,508350.0,1033360.0,TWENTHE,35.7,3.5,ORANJE,6410.0,26443.0
530,HELLEVOETSLUIS,28,ZUID-HOLLAND,362290.0,1022550.0,ROTTERDAM,37.1,4.4,NO RESTRICTIONS,4963.0,16126.0
794,HELMOND,30,NOORD-BRABANT,484830.0,1223600.0,EINDHOVEN,36.9,3.8,ORANJE,13356.0,44195.0
531,HENDRIK-IDO-AMBACHT,28,ZUID-HOLLAND,166610.0,413820.0,ROTTERDAM,37.1,4.4,NO RESTRICTIONS,4201.0,12389.0
164,HENGELO,23,OVERIJSSEL,642800.0,1379150.0,TWENTHE,35.7,3.5,GEEL,9984.0,36847.0
796,'S-HERTOGENBOSCH,30,NOORD-BRABANT,985580.0,2318090.0,HERWIJNEN,37.6,4.1,GEEL,18673.0,66087.0
252,HEUMEN,25,GELDERLAND,199840.0,446440.0,VOLKEL,37.2,3.7,NO RESTRICTIONS,4226.0,16687.0
797,HEUSDEN,30,NOORD-BRABANT,303800.0,695920.0,HERWIJNEN,37.6,4.1,ORANJE,7156.0,27598.0
534,HILLEGOM,28,ZUID-HOLLAND,241350.0,579530.0,SCHIPHOL,37.7,5.0,NO RESTRICTIONS,4039.0,10746.0
798,HILVARENBEEK,30,NOORD-BRABANT,180860.0,404970.0,EINDHOVEN,36.9,3.8,ORANJE,2799.0,11911.0
402,HILVERSUM,27,NOORD-HOLLAND,571290.0,1028940.0,DE BILT,36.4,3.6,NO RESTRICTIONS,9280.0,23826.0
1963,HOEKSCHE WAARD,28,ZUID-HOLLAND,523150.0,1183110.0,,,,NO RESTRICTIONS,15123.0,47796.0
1735,HOF VAN TWENTE,23,OVERIJSSEL,591770.0,1217830.0,HUPSEL,   36.3,3.4,GEEL,7437.0,28674.0
1966,HET HOGELAND,20,GRONINGEN,825230.0,1308400.0,,,,GEEL,17606.0,57370.0
1911,HOLLANDS KROON,27,NOORD-HOLLAND,495590.0,1045150.0,,,,NO RESTRICTIONS,10771.0,38556.0
118,HOOGEVEEN,22,DRENTHE,580470.0,1149120.0,HOOGEVEEN,36.3,4.0,ROOD,16744.0,53842.0
405,HOORN,27,NOORD-HOLLAND,691140.0,1550880.0,BERKHOUT,   38.6,,NO RESTRICTIONS,13226.0,37300.0
1507,HORST AAN DE MAAS,31,LIMBURG,658750.0,1453450.0,ARCEN,35.8,3.1,ROOD,11491.0,48555.0
321,HOUTEN,26,UTRECHT,468510.0,1323260.0,DE BILT,36.4,3.6,NO RESTRICTIONS,10032.0,31078.0
406,HUIZEN,27,NOORD-HOLLAND,435590.0,857150.0,DE BILT,36.4,3.6,NO RESTRICTIONS,9570.0,25573.0
677,HULST,29,ZEELAND,518880.0,1026880.0,WESTDORPE,37.7,4.2,NO RESTRICTIONS,10085.0,29935.0
353,IJSSELSTEIN,26,UTRECHT,252800.0,626860.0,CABAUW,      -,4.3,NO RESTRICTIONS,4575.0,14675.0
1884,KAAG EN BRAASSEM,28,ZUID-HOLLAND,298790.0,678600.0,VOORSCHOTEN,,,NO RESTRICTIONS,6381.0,22724.0
166,KAMPEN,23,OVERIJSSEL,408710.0,818230.0,MARKNESSE,38.2,4.2,ROOD,10609.0,33672.0
678,KAPELLE,29,ZEELAND,84910.0,177910.0,VLISSINGEN,40.2,6.4,NO RESTRICTIONS,4300.0,12903.0
537,KATWIJK,28,ZUID-HOLLAND,440020.0,1017470.0,VOORSCHOTEN,,,NO RESTRICTIONS,7908.0,22666.0
928,KERKRADE,31,LIMBURG,240670.0,482980.0,MAASTRICHT,36.1,4.2,WIT,13311.0,43070.0
1598,KOGGENLAND,27,NOORD-HOLLAND,569690.0,1264810.0,BERKHOUT,   38.6,,NO RESTRICTIONS,5096.0,17627.0
542,KRIMPEN AAN DEN IJSSEL,28,ZUID-HOLLAND,85240.0,187870.0,ROTTERDAM,37.1,4.4,NO RESTRICTIONS,2913.0,10143.0
1931,KRIMPENERWAARD,28,ZUID-HOLLAND,708160.0,1575300.0,,,,NO RESTRICTIONS,6930.0,22773.0
1659,LAARBEEK,30,NOORD-BRABANT,190030.0,423920.0,VOLKEL,37.2,3.7,ROOD,4446.0,18622.0
1685,LANDERD,30,NOORD-BRABANT,164930.0,384430.0,VOLKEL,37.2,3.7,ROOD,3342.0,14830.0
882,LANDGRAAF,31,LIMBURG,327760.0,674800.0,MAASTRICHT,36.1,4.2,WIT,11004.0,38509.0
415,LANDSMEER,27,NOORD-HOLLAND,117390.0,254590.0,SCHIPHOL,37.7,5.0,NO RESTRICTIONS,2205.0,9298.0
416,LANGEDIJK,27,NOORD-HOLLAND,79430.0,189130.0,BERKHOUT,   38.6,,NO RESTRICTIONS,8133.0,23388.0
1621,LANSINGERLAND,28,ZUID-HOLLAND,637030.0,1636700.0,ROTTERDAM,37.1,4.4,NO RESTRICTIONS,12697.0,36323.0
417,LAREN,27,NOORD-HOLLAND,176910.0,327510.0,DE BILT,36.4,3.6,NO RESTRICTIONS,573.0,2214.0
80,LEEUWARDEN,21,FRIESLAND,1152690.0,2174630.0,LEEUWARDEN,38.0,4.7,NO RESTRICTIONS,28214.0,90692.0
546,LEIDEN,28,ZUID-HOLLAND,495220.0,1150540.0,VOORSCHOTEN,,,NO RESTRICTIONS,10607.0,28411.0
547,LEIDERDORP,28,ZUID-HOLLAND,180260.0,421900.0,VOORSCHOTEN,,,NO RESTRICTIONS,3300.0,11184.0
1916,LEIDSCHENDAM-VOORBURG,28,ZUID-HOLLAND,539730.0,1111310.0,VOORSCHOTEN,,,NO RESTRICTIONS,6369.0,19273.0
995,LELYSTAD,24,FLEVOLAND,721630.0,1967790.0,LELYSTAD,37.6,4.4,NO RESTRICTIONS,18866.0,60992.0
1640,LEUDAL,31,LIMBURG,501730.0,1089610.0,MAASTRICHT,36.1,4.2,GEEL,8979.0,39504.0
327,LEUSDEN,26,UTRECHT,345670.0,748960.0,DE BILT,36.4,3.6,NO RESTRICTIONS,6822.0,22724.0
1705,LINGEWAARD,25,GELDERLAND,274670.0,602590.0,DEELEN,35.0,3.8,NO RESTRICTIONS,9638.0,34493.0
553,LISSE,28,ZUID-HOLLAND,262000.0,590660.0,VOORSCHOTEN,,,NO RESTRICTIONS,5328.0,12724.0
262,LOCHEM,25,GELDERLAND,472280.0,896500.0,HUPSEL,   36.3,3.4,NO RESTRICTIONS,8041.0,30242.0
809,LOON OP ZAND,30,NOORD-BRABANT,362660.0,843280.0,GILZE-RIJEN,36.9,3.7,ORANJE,3098.0,11599.0
331,LOPIK,26,UTRECHT,171420.0,380420.0,CABAUW,      -,4.3,NO RESTRICTIONS,2448.0,9226.0
24,LOPPERSUM,20,GRONINGEN,258630.0,404700.0,EELDE,   35.6,4.2,GEEL,4536.0,17710.0
168,LOSSER,23,OVERIJSSEL,210310.0,426170.0,TWENTHE,35.7,3.5,GEEL,4723.0,17848.0
263,MAASDRIEL,25,GELDERLAND,311440.0,678400.0,HERWIJNEN,37.6,4.1,NO RESTRICTIONS,6523.0,22768.0
1641,MAASGOUW,31,LIMBURG,278580.0,547750.0,MAASTRICHT,36.1,4.2,ROOD,6580.0,26106.0
556,MAASSLUIS,28,ZUID-HOLLAND,216070.0,524520.0,ROTTERDAM,37.1,4.4,NO RESTRICTIONS,2774.0,7996.0
935,MAASTRICHT,31,LIMBURG,535380.0,1063410.0,MAASTRICHT,36.1,4.2,WIT,15204.0,48914.0
420,MEDEMBLIK,27,NOORD-HOLLAND,635230.0,1379320.0,BERKHOUT,   38.6,,NO RESTRICTIONS,11998.0,37299.0
938,MEERSSEN,31,LIMBURG,215560.0,417500.0,MAASTRICHT,36.1,4.2,WIT,4668.0,18729.0
1948,MEIERIJSTAD,30,NOORD-BRABANT,973390.0,2166120.0,,,,ORANJE,18674.0,71632.0
119,MEPPEL,22,DRENTHE,456790.0,938430.0,MARKNESSE,38.2,4.2,ROOD,7478.0,25114.0
687,MIDDELBURG,29,ZEELAND,239730.0,480830.0,VLISSINGEN,40.2,6.4,NO RESTRICTIONS,11616.0,30928.0
1842,MIDDEN-DELFLAND,28,ZUID-HOLLAND,145190.0,308170.0,ROTTERDAM,37.1,4.4,NO RESTRICTIONS,4850.0,14509.0
1731,MIDDEN-DRENTHE,22,DRENTHE,605140.0,1093740.0,HOOGEVEEN,36.3,4.0,ROOD,12505.0,42912.0
1952,MIDDEN-GRONINGEN,20,GRONINGEN,938150.0,1673030.0,,,,ROOD,19292.0,66631.0
815,MILL EN SINT HUBERT,30,NOORD-BRABANT,202940.0,460840.0,VOLKEL,37.2,3.7,ROOD,2190.0,10410.0
1709,MOERDIJK,30,NOORD-BRABANT,443300.0,1051880.0,GILZE-RIJEN,36.9,3.7,ORANJE,6777.0,24151.0
1978,MOLENLANDEN,28,ZUID-HOLLAND,910680.0,1869380.0,,,,NO RESTRICTIONS,6517.0,23451.0
1955,MONTFERLAND,25,GELDERLAND,310910.0,691750.0,DEELEN,35.0,3.8,NO RESTRICTIONS,9504.0,37957.0
335,MONTFOORT,26,UTRECHT,158470.0,349850.0,CABAUW,      -,4.3,NO RESTRICTIONS,2544.0,8585.0
944,MOOK EN MIDDELAAR,31,LIMBURG,94590.0,187650.0,VOLKEL,37.2,3.7,ROOD,1929.0,7768.0
1740,NEDER-BETUWE,25,GELDERLAND,217040.0,478910.0,DEELEN,35.0,3.8,NO RESTRICTIONS,3503.0,12828.0
946,NEDERWEERT,31,LIMBURG,209550.0,487150.0,EINDHOVEN,36.9,3.8,ROOD,5034.0,21928.0
356,NIEUWEGEIN,26,UTRECHT,238120.0,857710.0,DE BILT,36.4,3.6,NO RESTRICTIONS,7430.0,22245.0
569,NIEUWKOOP,28,ZUID-HOLLAND,286580.0,673150.0,SCHIPHOL,37.7,5.0,NO RESTRICTIONS,4682.0,16446.0
267,NIJKERK,25,GELDERLAND,387560.0,873800.0,DE BILT,36.4,3.6,NO RESTRICTIONS,9574.0,33522.0
268,NIJMEGEN,25,GELDERLAND,483560.0,1042100.0,VOLKEL,37.2,3.7,NO RESTRICTIONS,28139.0,83485.0
1930,NISSEWAARD,28,ZUID-HOLLAND,693350.0,1926700.0,,,,NO RESTRICTIONS,11458.0,30438.0
1970,NOARDEAST-FRYSLÂN,21,FRIESLAND,,,,,,NO RESTRICTIONS,,
1695,NOORD-BEVELAND,29,ZEELAND,156480.0,305310.0,VLISSINGEN,40.2,6.4,NO RESTRICTIONS,2553.0,8502.0
1699,NOORDENVELD,22,DRENTHE,366990.0,633030.0,EELDE,   35.6,4.2,GEEL,9410.0,33756.0
171,NOORDOOSTPOLDER,24,FLEVOLAND,495430.0,1089900.0,MARKNESSE,38.2,4.2,NO RESTRICTIONS,8387.0,34802.0
575,NOORDWIJK,28,ZUID-HOLLAND,203390.0,424660.0,VOORSCHOTEN,,,NO RESTRICTIONS,6126.0,19413.0
820,"NUENEN, GERWEN EN NEDERWETTEN",30,NOORD-BRABANT,160500.0,335420.0,EINDHOVEN,36.9,3.8,GEEL,4863.0,18682.0
302,NUNSPEET,25,GELDERLAND,185060.0,375360.0,LELYSTAD,37.6,4.4,NO RESTRICTIONS,4143.0,15694.0
579,OEGSTGEEST,28,ZUID-HOLLAND,142350.0,336980.0,VOORSCHOTEN,,,NO RESTRICTIONS,4197.0,12062.0
823,OIRSCHOT,30,NOORD-BRABANT,201870.0,488210.0,EINDHOVEN,36.9,3.8,ORANJE,2964.0,13530.0
824,OISTERWIJK,30,NOORD-BRABANT,428300.0,915420.0,EINDHOVEN,36.9,3.8,ORANJE,3649.0,14185.0
1895,OLDAMBT,20,GRONINGEN,608780.0,1030200.0,NIEUW BEERTA,36.6,5.0,GEEL,6065.0,24106.0
269,OLDEBROEK,25,GELDERLAND,261530.0,548880.0,MARKNESSE,38.2,4.2,NO RESTRICTIONS,4654.0,19701.0
173,OLDENZAAL,23,OVERIJSSEL,296250.0,637160.0,TWENTHE,35.7,3.5,NO RESTRICTIONS,5697.0,20935.0
1773,OLST-WIJHE,23,OVERIJSSEL,349870.0,716120.0,DEELEN,35.0,3.8,ORANJE,5688.0,20216.0
175,OMMEN,23,OVERIJSSEL,497370.0,975890.0,HOOGEVEEN,36.3,4.0,ROOD,3841.0,15255.0
1586,OOST GELRE,25,GELDERLAND,478120.0,1031360.0,HUPSEL,   36.3,3.4,NO RESTRICTIONS,6445.0,27556.0
826,OOSTERHOUT,30,NOORD-BRABANT,509210.0,1221460.0,GILZE-RIJEN,36.9,3.7,ORANJE,8830.0,29874.0
85,OOSTSTELLINGWERF,21,FRIESLAND,680270.0,1175890.0,EELDE,   35.6,4.2,NO RESTRICTIONS,9857.0,30998.0
431,OOSTZAAN,27,NOORD-HOLLAND,65380.0,142900.0,SCHIPHOL,37.7,5.0,NO RESTRICTIONS,1545.0,5313.0
432,OPMEER,27,NOORD-HOLLAND,124990.0,268320.0,BERKHOUT,   38.6,,NO RESTRICTIONS,2952.0,9886.0
86,OPSTERLAND,21,FRIESLAND,603170.0,1115110.0,LEEUWARDEN,38.0,4.7,NO RESTRICTIONS,6915.0,27723.0
828,OSS,30,NOORD-BRABANT,1188910.0,2528370.0,VOLKEL,37.2,3.7,GEEL,15117.0,58893.0
1509,OUDE IJSSELSTREEK,25,GELDERLAND,366810.0,786740.0,HUPSEL,   36.3,3.4,NO RESTRICTIONS,9876.0,40484.0
437,OUDER-AMSTEL,27,NOORD-HOLLAND,64290.0,184320.0,SCHIPHOL,37.7,5.0,NO RESTRICTIONS,1823.0,5586.0
589,OUDEWATER,26,UTRECHT,196340.0,431400.0,CABAUW,      -,4.3,NO RESTRICTIONS,1725.0,6199.0
1734,OVERBETUWE,25,GELDERLAND,358700.0,825540.0,DEELEN,35.0,3.8,NO RESTRICTIONS,8750.0,33484.0
590,PAPENDRECHT,28,ZUID-HOLLAND,82140.0,217330.0,CABAUW,      -,4.3,NO RESTRICTIONS,3521.0,10283.0
1894,PEEL EN MAAS,31,LIMBURG,374600.0,839040.0,ARCEN,35.8,3.1,ORANJE,13554.0,53701.0
765,PEKELA,20,GRONINGEN,83010.0,141810.0,NIEUW BEERTA,36.6,5.0,GEEL,1758.0,6966.0
1926,PIJNACKER-NOOTDORP,28,ZUID-HOLLAND,265650.0,729200.0,ROTTERDAM,37.1,4.4,NO RESTRICTIONS,9694.0,31009.0
439,PURMEREND,27,NOORD-HOLLAND,132760.0,696200.0,BERKHOUT,   38.6,,NO RESTRICTIONS,8669.0,26154.0
273,PUTTEN,25,GELDERLAND,166140.0,361640.0,LELYSTAD,37.6,4.4,NO RESTRICTIONS,3633.0,14318.0
177,RAALTE,23,OVERIJSSEL,572530.0,1142360.0,MARKNESSE,38.2,4.2,ORANJE,12228.0,43644.0
703,REIMERSWAAL,29,ZEELAND,286800.0,637470.0,WESTDORPE,37.7,4.2,NO RESTRICTIONS,6024.0,16944.0
274,RENKUM,25,GELDERLAND,608840.0,1070000.0,DEELEN,35.0,3.8,NO RESTRICTIONS,5711.0,20010.0
339,RENSWOUDE,26,UTRECHT,43880.0,100400.0,DEELEN,35.0,3.8,NO RESTRICTIONS,780.0,2868.0
1667,REUSEL-DE MIERDEN,30,NOORD-BRABANT,163180.0,375110.0,EINDHOVEN,36.9,3.8,ROOD,2247.0,11345.0
275,RHEDEN,25,GELDERLAND,233100.0,439540.0,DEELEN,35.0,3.8,NO RESTRICTIONS,6117.0,21962.0
340,RHENEN,26,UTRECHT,442100.0,934610.0,DEELEN,35.0,3.8,NO RESTRICTIONS,3837.0,12418.0
597,RIDDERKERK,28,ZUID-HOLLAND,212400.0,474270.0,ROTTERDAM,37.1,4.4,NO RESTRICTIONS,6321.0,17125.0
1742,RIJSSEN-HOLTEN,23,OVERIJSSEL,424160.0,797580.0,HUPSEL,   36.3,3.4,ORANJE,6551.0,22830.0
603,RIJSWIJK,28,ZUID-HOLLAND,346480.0,750670.0,ROTTERDAM,37.1,4.4,NO RESTRICTIONS,7445.0,21168.0
1669,ROERDALEN,31,LIMBURG,250480.0,510790.0,MAASTRICHT,36.1,4.2,ROOD,6055.0,23814.0
957,ROERMOND,31,LIMBURG,471970.0,997880.0,ARCEN,35.8,3.1,WIT,11325.0,42699.0
736,DE RONDE VENEN,26,UTRECHT,359600.0,790520.0,SCHIPHOL,37.7,5.0,NO RESTRICTIONS,10172.0,31057.0
1674,ROOSENDAAL,30,NOORD-BRABANT,663300.0,1431740.0,GILZE-RIJEN,36.9,3.7,GEEL,11141.0,42960.0
599,ROTTERDAM,28,ZUID-HOLLAND,655650.0,1755990.0,ROTTERDAM,37.1,4.4,NO RESTRICTIONS,27201.0,75146.0
277,ROZENDAAL,25,GELDERLAND,43740.0,93570.0,DEELEN,35.0,3.8,NO RESTRICTIONS,200.0,890.0
840,RUCPHEN,30,NOORD-BRABANT,175250.0,403320.0,GILZE-RIJEN,36.9,3.7,ORANJE,3045.0,12782.0
441,SCHAGEN,27,NOORD-HOLLAND,780940.0,1648920.0,DE KOOY,,,NO RESTRICTIONS,9564.0,33611.0
279,SCHERPENZEEL,25,GELDERLAND,54090.0,123160.0,DE BILT,36.4,3.6,NO RESTRICTIONS,1239.0,4539.0
606,SCHIEDAM,28,ZUID-HOLLAND,475700.0,1077650.0,ROTTERDAM,37.1,4.4,NO RESTRICTIONS,4002.0,12009.0
88,SCHIERMONNIKOOG,21,FRIESLAND,40180.0,64840.0,LEEUWARDEN,38.0,4.7,NO RESTRICTIONS,315.0,1242.0
1676,SCHOUWEN-DUIVELAND,29,ZEELAND,587020.0,1174200.0,VLISSINGEN,40.2,6.4,NO RESTRICTIONS,9787.0,30188.0
965,SIMPELVELD,31,LIMBURG,138880.0,255960.0,MAASTRICHT,36.1,4.2,WIT,2760.0,10476.0
1702,SINT ANTHONIS,30,NOORD-BRABANT,197780.0,480590.0,VOLKEL,37.2,3.7,ROOD,2307.0,11654.0
845,SINT-MICHIELSGESTEL,30,NOORD-BRABANT,311890.0,690510.0,EINDHOVEN,36.9,3.8,ROOD,6309.0,25785.0
1883,SITTARD-GELEEN,31,LIMBURG,459980.0,990530.0,MAASTRICHT,36.1,4.2,WIT,18923.0,69711.0
610,SLIEDRECHT,28,ZUID-HOLLAND,281930.0,621210.0,CABAUW,      -,4.3,NO RESTRICTIONS,2957.0,8907.0
1714,SLUIS,29,ZEELAND,426130.0,780440.0,VLISSINGEN,40.2,6.4,NO RESTRICTIONS,6087.0,19926.0
90,SMALLINGERLAND,21,FRIESLAND,319630.0,618970.0,LEEUWARDEN,38.0,4.7,NO RESTRICTIONS,12156.0,42407.0
342,SOEST,26,UTRECHT,406740.0,839970.0,DE BILT,36.4,3.6,NO RESTRICTIONS,7240.0,25506.0
847,SOMEREN,30,NOORD-BRABANT,191580.0,435240.0,EINDHOVEN,36.9,3.8,ORANJE,4651.0,21424.0
848,SON EN BREUGEL,30,NOORD-BRABANT,116720.0,254590.0,EINDHOVEN,36.9,3.8,ORANJE,3972.0,15738.0
37,STADSKANAAL,20,GRONINGEN,330600.0,598130.0,NIEUW BEERTA,36.6,5.0,ROOD,5790.0,25401.0
180,STAPHORST,23,OVERIJSSEL,320730.0,646280.0,MARKNESSE,38.2,4.2,ROOD,3065.0,10898.0
532,STEDE BROEC,27,NOORD-HOLLAND,97950.0,216450.0,BERKHOUT,   38.6,,NO RESTRICTIONS,6018.0,16772.0
851,STEENBERGEN,30,NOORD-BRABANT,203220.0,496860.0,ROTTERDAM,37.1,4.4,ROOD,5146.0,17113.0
1708,STEENWIJKERLAND,23,OVERIJSSEL,1017010.0,1932370.0,MARKNESSE,38.2,4.2,ROOD,8580.0,30311.0
971,STEIN,31,LIMBURG,184740.0,394790.0,MAASTRICHT,36.1,4.2,WIT,9075.0,34366.0
1904,STICHTSE VECHT,26,UTRECHT,945310.0,1967190.0,,,,NO RESTRICTIONS,9378.0,28347.0
1900,SÚDWEST-FRYSLÂN,21,FRIESLAND,,,,,,NO RESTRICTIONS,,
715,TERNEUZEN,29,ZEELAND,578510.0,1134150.0,WESTDORPE,37.7,4.2,NO RESTRICTIONS,13225.0,40898.0
93,TERSCHELLING,21,FRIESLAND,179300.0,320780.0,HOORN,   39.4,6.3,NO RESTRICTIONS,654.0,2851.0
448,TEXEL,27,NOORD-HOLLAND,177710.0,335830.0,DE KOOY,,,NO RESTRICTIONS,3201.0,10409.0
1525,TEYLINGEN,28,ZUID-HOLLAND,153830.0,339680.0,VOORSCHOTEN,,,NO RESTRICTIONS,6924.0,20253.0
716,THOLEN,29,ZEELAND,233420.0,522320.0,VLISSINGEN,40.2,6.4,NO RESTRICTIONS,7023.0,20368.0
281,TIEL,25,GELDERLAND,338430.0,722070.0,HERWIJNEN,37.6,4.1,NO RESTRICTIONS,5478.0,18613.0
855,TILBURG,30,NOORD-BRABANT,1737750.0,5099460.0,GILZE-RIJEN,36.9,3.7,ORANJE,25762.0,82619.0
183,TUBBERGEN,23,OVERIJSSEL,339770.0,745020.0,TWENTHE,35.7,3.5,ROOD,3165.0,14334.0
1700,TWENTERAND,23,OVERIJSSEL,366670.0,803500.0,TWENTHE,35.7,3.5,ROOD,6370.0,24077.0
1730,TYNAARLO,22,DRENTHE,547110.0,959590.0,EELDE,   35.6,4.2,GEEL,10319.0,36768.0
737,TYTSJERKSTERADIEL,21,FRIESLAND,401510.0,699970.0,LEEUWARDEN,38.0,4.7,NO RESTRICTIONS,8993.0,31063.0
856,UDEN,30,NOORD-BRABANT,301050.0,701430.0,VOLKEL,37.2,3.7,ROOD,11271.0,38672.0
450,UITGEEST,27,NOORD-HOLLAND,83770.0,188420.0,BERKHOUT,   38.6,,NO RESTRICTIONS,3951.0,11558.0
451,UITHOORN,27,NOORD-HOLLAND,223270.0,494230.0,SCHIPHOL,37.7,5.0,NO RESTRICTIONS,4248.0,13673.0
184,URK,24,FLEVOLAND,123280.0,269410.0,MARKNESSE,38.2,4.2,NO RESTRICTIONS,2388.0,8923.0
344,UTRECHT,26,UTRECHT,744070.0,2079740.0,DE BILT,36.4,3.6,NO RESTRICTIONS,41682.0,116340.0
1581,UTRECHTSE HEUVELRUG,26,UTRECHT,442820.0,844220.0,DE BILT,36.4,3.6,NO RESTRICTIONS,9417.0,29377.0
981,VAALS,31,LIMBURG,107950.0,229030.0,MAASTRICHT,36.1,4.2,GEEL,2195.0,7119.0
994,VALKENBURG AAN DE GEUL,31,LIMBURG,330790.0,599830.0,MAASTRICHT,36.1,4.2,GEEL,3324.0,14176.0
858,VALKENSWAARD,30,NOORD-BRABANT,246550.0,549150.0,EINDHOVEN,36.9,3.8,GEEL,6780.0,24700.0
47,VEENDAM,20,GRONINGEN,235470.0,404060.0,EELDE,   35.6,4.2,ROOD,3882.0,15435.0
345,VEENENDAAL,26,UTRECHT,396700.0,929860.0,DEELEN,35.0,3.8,NO RESTRICTIONS,11183.0,36644.0
717,VEERE,29,ZEELAND,416840.0,819640.0,VLISSINGEN,40.2,6.4,NO RESTRICTIONS,8096.0,25823.0
861,VELDHOVEN,30,NOORD-BRABANT,216210.0,489470.0,EINDHOVEN,36.9,3.8,ORANJE,8532.0,30777.0
453,VELSEN,27,NOORD-HOLLAND,680410.0,1419260.0,SCHIPHOL,37.7,5.0,NO RESTRICTIONS,6931.0,19367.0
983,VENLO,31,LIMBURG,1132190.0,2385600.0,ARCEN,35.8,3.1,GEEL,21877.0,71713.0
984,VENRAY,31,LIMBURG,596150.0,1328570.0,ARCEN,35.8,3.1,ROOD,13280.0,45806.0
1961,VIJFHEERENLANDEN,26,UTRECHT,544030.0,1171460.0,,,,NO RESTRICTIONS,11002.0,32833.0
622,VLAARDINGEN,28,ZUID-HOLLAND,293090.0,715550.0,ROTTERDAM,37.1,4.4,NO RESTRICTIONS,5774.0,13661.0
96,VLIELAND,21,FRIESLAND,32950.0,69600.0,HOORN,   39.4,6.3,NO RESTRICTIONS,182.0,608.0
718,VLISSINGEN,29,ZEELAND,324690.0,704030.0,VLISSINGEN,40.2,6.4,NO RESTRICTIONS,14830.0,33841.0
986,VOERENDAAL,31,LIMBURG,233760.0,460640.0,MAASTRICHT,36.1,4.2,GEEL,3315.0,13440.0
626,VOORSCHOTEN,28,ZUID-HOLLAND,156500.0,332600.0,VOORSCHOTEN,,,NO RESTRICTIONS,2916.0,9284.0
285,VOORST,25,GELDERLAND,361360.0,740810.0,DEELEN,35.0,3.8,NO RESTRICTIONS,4870.0,19301.0
865,VUGHT,30,NOORD-BRABANT,238730.0,498360.0,EINDHOVEN,36.9,3.8,GEEL,3122.0,11482.0
1949,WAADHOEKE,21,FRIESLAND,1139670.0,2122820.0,,,,NO RESTRICTIONS,9263.0,31823.0
866,WAALRE,30,NOORD-BRABANT,87630.0,173620.0,EINDHOVEN,36.9,3.8,GEEL,3789.0,14541.0
867,WAALWIJK,30,NOORD-BRABANT,227090.0,514440.0,GILZE-RIJEN,36.9,3.7,ROOD,5388.0,20407.0
627,WADDINXVEEN,28,ZUID-HOLLAND,245630.0,564780.0,ROTTERDAM,37.1,4.4,NO RESTRICTIONS,4859.0,15838.0
289,WAGENINGEN,25,GELDERLAND,357090.0,789960.0,DEELEN,35.0,3.8,NO RESTRICTIONS,8190.0,23476.0
629,WASSENAAR,28,ZUID-HOLLAND,375660.0,621160.0,VOORSCHOTEN,,,NO RESTRICTIONS,2387.0,6971.0
852,WATERLAND,27,NOORD-HOLLAND,263200.0,556850.0,BERKHOUT,   38.6,,NO RESTRICTIONS,2491.0,7346.0
988,WEERT,31,LIMBURG,534690.0,1133530.0,EINDHOVEN,36.9,3.8,ROOD,11204.0,43772.0
457,WEESP,27,NOORD-HOLLAND,222890.0,535830.0,SCHIPHOL,37.7,5.0,NO RESTRICTIONS,3027.0,8708.0
1960,WEST BETUWE,25,GELDERLAND,742480.0,1647740.0,,,,NO RESTRICTIONS,10747.0,39883.0
668,WEST MAAS EN WAAL,25,GELDERLAND,275630.0,565980.0,VOLKEL,37.2,3.7,NO RESTRICTIONS,6690.0,22364.0
1969,WESTERKWARTIER,20,GRONINGEN,935750.0,1672860.0,,,,GEEL,15129.0,59129.0
1701,WESTERVELD,22,DRENTHE,572030.0,1034060.0,HOOGEVEEN,36.3,4.0,ROOD,8113.0,26823.0
293,WESTERVOORT,25,GELDERLAND,45910.0,167740.0,DEELEN,35.0,3.8,NO RESTRICTIONS,2484.0,8962.0
1950,WESTERWOLDE,20,GRONINGEN,603680.0,1040720.0,,,,GEEL,4362.0,19032.0
1783,WESTLAND,28,ZUID-HOLLAND,764260.0,1854560.0,ROTTERDAM,37.1,4.4,NO RESTRICTIONS,15800.0,61091.0
98,WESTSTELLINGWERF,21,FRIESLAND,701050.0,1264220.0,MARKNESSE,38.2,4.2,NO RESTRICTIONS,4931.0,21142.0
614,WESTVOORNE,28,ZUID-HOLLAND,181760.0,393120.0,ROTTERDAM,37.1,4.4,NO RESTRICTIONS,3449.0,12055.0
189,WIERDEN,23,OVERIJSSEL,350350.0,736260.0,TWENTHE,35.7,3.5,ROOD,4765.0,21209.0
296,WIJCHEN,25,GELDERLAND,608090.0,1389740.0,VOLKEL,37.2,3.7,NO RESTRICTIONS,8519.0,31417.0
1696,WIJDEMEREN,27,NOORD-HOLLAND,293260.0,582690.0,DE BILT,36.4,3.6,NO RESTRICTIONS,3946.0,12610.0
352,WIJK BIJ DUURSTEDE,26,UTRECHT,229840.0,528840.0,DE BILT,36.4,3.6,NO RESTRICTIONS,4374.0,14315.0
294,WINTERSWIJK,25,GELDERLAND,212340.0,435070.0,HUPSEL,   36.3,3.4,NO RESTRICTIONS,6294.0,24696.0
873,WOENSDRECHT,30,NOORD-BRABANT,178270.0,413220.0,WESTDORPE,37.7,4.2,GEEL,3790.0,14116.0
632,WOERDEN,26,UTRECHT,395850.0,836650.0,CABAUW,      -,4.3,NO RESTRICTIONS,9801.0,28943.0
1690,DE WOLDEN,22,DRENTHE,536390.0,1004170.0,HOOGEVEEN,36.3,4.0,ROOD,9435.0,31342.0
880,WORMERLAND,27,NOORD-HOLLAND,185050.0,384810.0,BERKHOUT,   38.6,,NO RESTRICTIONS,3773.0,10961.0
351,WOUDENBERG,26,UTRECHT,142860.0,311390.0,DE BILT,36.4,3.6,NO RESTRICTIONS,3249.0,9131.0
479,ZAANSTAD,27,NOORD-HOLLAND,655650.0,1382440.0,SCHIPHOL,37.7,5.0,NO RESTRICTIONS,16539.0,47841.0
297,ZALTBOMMEL,25,GELDERLAND,296440.0,699510.0,HERWIJNEN,37.6,4.1,NO RESTRICTIONS,6615.0,22461.0
473,ZANDVOORT,27,NOORD-HOLLAND,212710.0,438040.0,SCHIPHOL,37.7,5.0,NO RESTRICTIONS,924.0,3300.0
50,ZEEWOLDE,24,FLEVOLAND,98140.0,202610.0,LELYSTAD,37.6,4.4,NO RESTRICTIONS,5121.0,18988.0
355,ZEIST,26,UTRECHT,446130.0,896730.0,DE BILT,36.4,3.6,NO RESTRICTIONS,7497.0,22214.0
299,ZEVENAAR,25,GELDERLAND,467130.0,1044910.0,DEELEN,35.0,3.8,NO RESTRICTIONS,8403.0,31566.0
637,ZOETERMEER,28,ZUID-HOLLAND,302180.0,771790.0,VOORSCHOTEN,,,NO RESTRICTIONS,16293.0,50008.0
638,ZOETERWOUDE,28,ZUID-HOLLAND,217240.0,479390.0,VOORSCHOTEN,,,NO RESTRICTIONS,1830.0,5905.0
1892,ZUIDPLAS,28,ZUID-HOLLAND,432820.0,1062900.0,ROTTERDAM,37.1,4.4,NO RESTRICTIONS,6820.0,21745.0
879,ZUNDERT,30,NOORD-BRABANT,186160.0,404530.0,GILZE-RIJEN,36.9,3.7,ORANJE,3513.0,15257.0
301,ZUTPHEN,25,GELDERLAND,370140.0,756230.0,DEELEN,35.0,3.8,NO RESTRICTIONS,8097.0,23831.0
1896,ZWARTEWATERLAND,23,OVERIJSSEL,361420.0,742320.0,MARKNESSE,38.2,4.2,ROOD,3404.0,11751.0
642,ZWIJNDRECHT,28,ZUID-HOLLAND,656700.0,1468820.0,ROTTERDAM,37.1,4.4,NO RESTRICTIONS,4229.0,13015.0
193,ZWOLLE,23,OVERIJSSEL,772210.0,1698240.0,MARKNESSE,38.2,4.2,ROOD,28684.0,87308.0
